{
    "$schema": "https://schema.management.azure.com/schemas/2015-01-01/deploymentParameters.json#",
    "contentVersion": "1.0.0.0",
    "parameters": {
        "routeTables_rt_gantouslab_name": {
            "value": null
        },
        "virtualMachines_vm_gantouslab_name": {
            "value": null
        },
        "publicIPAddresses_pipgantouslab_name": {
            "value": null
        },
        "virtualNetworks_vnet_Gantouslab_name": {
            "value": null
        },
        "publicIPAddresses_pipgantouslab2_name": {
            "value": null
        },
        "networkInterfaces_vm_gantouslab403_name": {
            "value": null
        },
        "networkSecurityGroups_vm_gantouslab_nsg_name": {
            "value": null
        }
    }
}