{
    "$schema": "https://schema.management.azure.com/schemas/2015-01-01/deploymentTemplate.json#",
    "contentVersion": "1.0.0.0",
    "parameters": {
        "routeTables_rt_gantouslab_name": {
            "defaultValue": "rt-gantouslab",
            "type": "String"
        },
        "virtualMachines_vm_gantouslab_name": {
            "defaultValue": "vm-gantouslab",
            "type": "String"
        },
        "publicIPAddresses_pipgantouslab_name": {
            "defaultValue": "pipgantouslab",
            "type": "String"
        },
        "virtualNetworks_vnet_Gantouslab_name": {
            "defaultValue": "vnet-Gantouslab",
            "type": "String"
        },
        "publicIPAddresses_pipgantouslab2_name": {
            "defaultValue": "pipgantouslab2",
            "type": "String"
        },
        "networkInterfaces_vm_gantouslab403_name": {
            "defaultValue": "vm-gantouslab403",
            "type": "String"
        },
        "networkSecurityGroups_vm_gantouslab_nsg_name": {
            "defaultValue": "vm-gantouslab-nsg",
            "type": "String"
        }
    },
    "variables": {},
    "resources": [
        {
            "type": "Microsoft.Network/networkSecurityGroups",
            "apiVersion": "2020-05-01",
            "name": "[parameters('networkSecurityGroups_vm_gantouslab_nsg_name')]",
            "location": "eastus",
            "properties": {
                "securityRules": [
                    {
                        "name": "SSH",
                        "properties": {
                            "protocol": "TCP",
                            "sourcePortRange": "*",
                            "destinationPortRange": "22",
                            "sourceAddressPrefix": "*",
                            "destinationAddressPrefix": "*",
                            "access": "Allow",
                            "priority": 300,
                            "direction": "Inbound",
                            "sourcePortRanges": [],
                            "destinationPortRanges": [],
                            "sourceAddressPrefixes": [],
                            "destinationAddressPrefixes": []
                        }
                    }
                ]
            }
        },
        {
            "type": "Microsoft.Network/publicIPAddresses",
            "apiVersion": "2020-05-01",
            "name": "[parameters('publicIPAddresses_pipgantouslab_name')]",
            "location": "eastus",
            "sku": {
                "name": "Basic"
            },
            "properties": {
                "ipAddress": "52.188.174.146",
                "publicIPAddressVersion": "IPv4",
                "publicIPAllocationMethod": "Dynamic",
                "idleTimeoutInMinutes": 4,
                "ipTags": []
            }
        },
        {
            "type": "Microsoft.Network/publicIPAddresses",
            "apiVersion": "2020-05-01",
            "name": "[parameters('publicIPAddresses_pipgantouslab2_name')]",
            "location": "eastus",
            "sku": {
                "name": "Basic"
            },
            "properties": {
                "publicIPAddressVersion": "IPv4",
                "publicIPAllocationMethod": "Dynamic",
                "idleTimeoutInMinutes": 4,
                "ipTags": []
            }
        },
        {
            "type": "Microsoft.Network/routeTables",
            "apiVersion": "2020-05-01",
            "name": "[parameters('routeTables_rt_gantouslab_name')]",
            "location": "eastus",
            "properties": {
                "disableBgpRoutePropagation": false,
                "routes": [
                    {
                        "name": "watching",
                        "properties": {
                            "addressPrefix": "0.0.0.0/0",
                            "nextHopType": "VirtualAppliance",
                            "nextHopIpAddress": "10.42.1.4"
                        }
                    }
                ]
            }
        },
        {
            "type": "Microsoft.Compute/virtualMachines",
            "apiVersion": "2019-07-01",
            "name": "[parameters('virtualMachines_vm_gantouslab_name')]",
            "location": "eastus",
            "dependsOn": [
                "[resourceId('Microsoft.Network/networkInterfaces', parameters('networkInterfaces_vm_gantouslab403_name'))]"
            ],
            "properties": {
                "hardwareProfile": {
                    "vmSize": "Standard_D2s_v3"
                },
                "storageProfile": {
                    "imageReference": {
                        "publisher": "Canonical",
                        "offer": "UbuntuServer",
                        "sku": "18.04-LTS",
                        "version": "latest"
                    },
                    "osDisk": {
                        "osType": "Linux",
                        "name": "[concat(parameters('virtualMachines_vm_gantouslab_name'), '_OsDisk_1_5bc0b0864f51478bb8515a152d7598f5')]",
                        "createOption": "FromImage",
                        "caching": "ReadWrite",
                        "managedDisk": {
                            "storageAccountType": "Standard_LRS",
                            "id": "[resourceId('Microsoft.Compute/disks', concat(parameters('virtualMachines_vm_gantouslab_name'), '_OsDisk_1_5bc0b0864f51478bb8515a152d7598f5'))]"
                        },
                        "diskSizeGB": 30
                    },
                    "dataDisks": []
                },
                "osProfile": {
                    "computerName": "[parameters('virtualMachines_vm_gantouslab_name')]",
                    "adminUsername": "azureuser",
                    "linuxConfiguration": {
                        "disablePasswordAuthentication": true,
                        "ssh": {
                            "publicKeys": [
                                {
                                    "path": "/home/azureuser/.ssh/authorized_keys",
                                    "keyData": "ssh-rsa AAAAB3NzaC1yc2EAAAADAQABAAABgQCrKD9X3ntAOAueHxXgweZK5Gq9\r\nNQkqA0X4tQ9zylAlDG1et1cJvw6HEaJqlv21mY3amCrfpwP/nPgOHjuZC8g9B5K7\r\n2bauOcqIFxiHVAZ4cDASWyFq65NpToEhbIdToAEMJkINQAxewOP1H5AwF+XovgW4\r\nIefW5lX8xjbfFzgHh0d/CiBhs/XbWIkcEWVpmdTVdTPPMJCd0gVYM/Q89lPB9qdu\r\nJzLELx7/x9mspHh97Ut8sdF14XbUF9qVHdZQwTnJSBwJazZ3R9vxO0Ofr/2D9hbs\r\nELSmbS+iAGf/vkb5rM+EBaaIXoL3tYZbFneWpTcbx/JRo16BTR8LlRQSoIGTHYG+\r\nnt/8mw7aey7zqvJHj1/LvqMoiLVoYlx4hG7FdbT2d1eSTfBSSCqUGM1yTC5JNR3a\r\nzIboDKOPSzF5Bxa05xD+B+z/pCumwh9T4KThcaPqYsdbtf0tNj3xYkAWa/qAtcN2\r\nhijPCgJEHwSzGtEfHcbQznSnO+1ADmTZltCMRH8= generated-by-azure\r\n"
                                }
                            ]
                        },
                        "provisionVMAgent": true
                    },
                    "secrets": [],
                    "allowExtensionOperations": true,
                    "requireGuestProvisionSignal": true
                },
                "networkProfile": {
                    "networkInterfaces": [
                        {
                            "id": "[resourceId('Microsoft.Network/networkInterfaces', parameters('networkInterfaces_vm_gantouslab403_name'))]"
                        }
                    ]
                }
            }
        },
        {
            "type": "Microsoft.Network/networkSecurityGroups/securityRules",
            "apiVersion": "2020-05-01",
            "name": "[concat(parameters('networkSecurityGroups_vm_gantouslab_nsg_name'), '/SSH')]",
            "dependsOn": [
                "[resourceId('Microsoft.Network/networkSecurityGroups', parameters('networkSecurityGroups_vm_gantouslab_nsg_name'))]"
            ],
            "properties": {
                "protocol": "TCP",
                "sourcePortRange": "*",
                "destinationPortRange": "22",
                "sourceAddressPrefix": "*",
                "destinationAddressPrefix": "*",
                "access": "Allow",
                "priority": 300,
                "direction": "Inbound",
                "sourcePortRanges": [],
                "destinationPortRanges": [],
                "sourceAddressPrefixes": [],
                "destinationAddressPrefixes": []
            }
        },
        {
            "type": "Microsoft.Network/routeTables/routes",
            "apiVersion": "2020-05-01",
            "name": "[concat(parameters('routeTables_rt_gantouslab_name'), '/watching')]",
            "dependsOn": [
                "[resourceId('Microsoft.Network/routeTables', parameters('routeTables_rt_gantouslab_name'))]"
            ],
            "properties": {
                "addressPrefix": "0.0.0.0/0",
                "nextHopType": "VirtualAppliance",
                "nextHopIpAddress": "10.42.1.4"
            }
        },
        {
            "type": "Microsoft.Network/virtualNetworks",
            "apiVersion": "2020-05-01",
            "name": "[parameters('virtualNetworks_vnet_Gantouslab_name')]",
            "location": "eastus",
            "dependsOn": [
                "[resourceId('Microsoft.Network/routeTables', parameters('routeTables_rt_gantouslab_name'))]"
            ],
            "properties": {
                "addressSpace": {
                    "addressPrefixes": [
                        "10.1.0.0/16"
                    ]
                },
                "subnets": [
                    {
                        "name": "MGMT",
                        "properties": {
                            "addressPrefix": "10.1.0.0/24",
                            "routeTable": {
                                "id": "[resourceId('Microsoft.Network/routeTables', parameters('routeTables_rt_gantouslab_name'))]"
                            },
                            "delegations": [],
                            "privateEndpointNetworkPolicies": "Enabled",
                            "privateLinkServiceNetworkPolicies": "Enabled"
                        }
                    },
                    {
                        "name": "WEB",
                        "properties": {
                            "addressPrefix": "10.1.1.0/24",
                            "routeTable": {
                                "id": "[resourceId('Microsoft.Network/routeTables', parameters('routeTables_rt_gantouslab_name'))]"
                            },
                            "delegations": [],
                            "privateEndpointNetworkPolicies": "Enabled",
                            "privateLinkServiceNetworkPolicies": "Enabled"
                        }
                    },
                    {
                        "name": "APP",
                        "properties": {
                            "addressPrefix": "10.1.2.0/24",
                            "routeTable": {
                                "id": "[resourceId('Microsoft.Network/routeTables', parameters('routeTables_rt_gantouslab_name'))]"
                            },
                            "delegations": [],
                            "privateEndpointNetworkPolicies": "Enabled",
                            "privateLinkServiceNetworkPolicies": "Enabled"
                        }
                    }
                ],
                "virtualNetworkPeerings": [],
                "enableDdosProtection": false,
                "enableVmProtection": false
            }
        },
        {
            "type": "Microsoft.Network/virtualNetworks/subnets",
            "apiVersion": "2020-05-01",
            "name": "[concat(parameters('virtualNetworks_vnet_Gantouslab_name'), '/APP')]",
            "dependsOn": [
                "[resourceId('Microsoft.Network/virtualNetworks', parameters('virtualNetworks_vnet_Gantouslab_name'))]",
                "[resourceId('Microsoft.Network/routeTables', parameters('routeTables_rt_gantouslab_name'))]"
            ],
            "properties": {
                "addressPrefix": "10.1.2.0/24",
                "routeTable": {
                    "id": "[resourceId('Microsoft.Network/routeTables', parameters('routeTables_rt_gantouslab_name'))]"
                },
                "delegations": [],
                "privateEndpointNetworkPolicies": "Enabled",
                "privateLinkServiceNetworkPolicies": "Enabled"
            }
        },
        {
            "type": "Microsoft.Network/virtualNetworks/subnets",
            "apiVersion": "2020-05-01",
            "name": "[concat(parameters('virtualNetworks_vnet_Gantouslab_name'), '/MGMT')]",
            "dependsOn": [
                "[resourceId('Microsoft.Network/virtualNetworks', parameters('virtualNetworks_vnet_Gantouslab_name'))]",
                "[resourceId('Microsoft.Network/routeTables', parameters('routeTables_rt_gantouslab_name'))]"
            ],
            "properties": {
                "addressPrefix": "10.1.0.0/24",
                "routeTable": {
                    "id": "[resourceId('Microsoft.Network/routeTables', parameters('routeTables_rt_gantouslab_name'))]"
                },
                "delegations": [],
                "privateEndpointNetworkPolicies": "Enabled",
                "privateLinkServiceNetworkPolicies": "Enabled"
            }
        },
        {
            "type": "Microsoft.Network/virtualNetworks/subnets",
            "apiVersion": "2020-05-01",
            "name": "[concat(parameters('virtualNetworks_vnet_Gantouslab_name'), '/WEB')]",
            "dependsOn": [
                "[resourceId('Microsoft.Network/virtualNetworks', parameters('virtualNetworks_vnet_Gantouslab_name'))]",
                "[resourceId('Microsoft.Network/routeTables', parameters('routeTables_rt_gantouslab_name'))]"
            ],
            "properties": {
                "addressPrefix": "10.1.1.0/24",
                "routeTable": {
                    "id": "[resourceId('Microsoft.Network/routeTables', parameters('routeTables_rt_gantouslab_name'))]"
                },
                "delegations": [],
                "privateEndpointNetworkPolicies": "Enabled",
                "privateLinkServiceNetworkPolicies": "Enabled"
            }
        },
        {
            "type": "Microsoft.Network/networkInterfaces",
            "apiVersion": "2020-05-01",
            "name": "[parameters('networkInterfaces_vm_gantouslab403_name')]",
            "location": "eastus",
            "dependsOn": [
                "[resourceId('Microsoft.Network/publicIPAddresses', parameters('publicIPAddresses_pipgantouslab_name'))]",
                "[resourceId('Microsoft.Network/virtualNetworks/subnets', parameters('virtualNetworks_vnet_Gantouslab_name'), 'MGMT')]",
                "[resourceId('Microsoft.Network/networkSecurityGroups', parameters('networkSecurityGroups_vm_gantouslab_nsg_name'))]"
            ],
            "properties": {
                "ipConfigurations": [
                    {
                        "name": "ipconfig1",
                        "properties": {
                            "privateIPAddress": "10.1.0.4",
                            "privateIPAllocationMethod": "Dynamic",
                            "publicIPAddress": {
                                "id": "[resourceId('Microsoft.Network/publicIPAddresses', parameters('publicIPAddresses_pipgantouslab_name'))]"
                            },
                            "subnet": {
                                "id": "[resourceId('Microsoft.Network/virtualNetworks/subnets', parameters('virtualNetworks_vnet_Gantouslab_name'), 'MGMT')]"
                            },
                            "primary": true,
                            "privateIPAddressVersion": "IPv4"
                        }
                    }
                ],
                "dnsSettings": {
                    "dnsServers": []
                },
                "enableAcceleratedNetworking": false,
                "enableIPForwarding": false,
                "networkSecurityGroup": {
                    "id": "[resourceId('Microsoft.Network/networkSecurityGroups', parameters('networkSecurityGroups_vm_gantouslab_nsg_name'))]"
                }
            }
        }
    ]
}